Lane,Mean,SD,Sum
Lane 2,15.3072821,2.6845553381,153.072821
Lane 1,11.9166666667,1.028488152,143
